{"heart_additional": {"rows": 403, "columns": 14, "file_size": 15350}, "heart_additional_tests": {"rows": 12, "columns": 12, "file_size": 1239}, "heart": {"rows": 303, "columns": 14, "file_size": 11323}, "heart_tests": {"rows": 12, "columns": 12, "file_size": 1240}, "ingested": {"rows": 706, "columns": 15, "file_size": 28867}, "ref_heart": {"rows": 565, "columns": 15, "file_size": 23122}, "ana_heart": {"rows": 141, "columns": 15, "file_size": 5829}, "ref_heart_cleaned": {"rows": 565, "columns": 15}, "univariate_results": {"rows": 24, "columns": 39, "file_size": 3206}, "multi_drift_results": {"rows": 15, "columns": 14, "file_size": 2627}, "preprocessed_batch_data": {"rows": 141, "columns": 25, "file_size": 22495}, "preprocessed_training_data": {"rows": 565, "columns": 25, "file_size": 89460}, "preprocessed_training_data_not_scaled": {"rows": 565, "columns": 16, "file_size": 34325}, "preprocessed_training_data_tests": {"rows": 14, "columns": 12}, "X_train_data": {"rows": 452, "columns": 24, "file_size": 69696}, "X_test_data": {"rows": 113, "columns": 24, "file_size": 17541}, "y_train_data": {"rows": 452, "columns": 1, "file_size": 911}, "y_test_data": {"rows": 113, "columns": 1, "file_size": 233}, "df_with_predict": {"rows": 141, "columns": 26, "file_size": 22494}}