{
  "data_asset_type": null,
  "expectation_suite_name": "TestExpectations",
  "expectations": [
    {
      "expectation_type": "expect_column_values_to_be_between",
      "kwargs": {
        "column": "age",
        "max_value": 115,
        "min_value": 0
      },
      "meta": {}
    },
    {
      "expectation_type": "expect_column_distinct_values_to_be_in_set",
      "kwargs": {
        "column": "sex",
        "value_set": [
          0,
          1
        ]
      },
      "meta": {}
    },
    {
      "expectation_type": "expect_column_distinct_values_to_be_in_set",
      "kwargs": {
        "column": "cp",
        "value_set": [
          3,
          2,
          1,
          0
        ]
      },
      "meta": {}
    },
    {
      "expectation_type": "expect_column_values_to_be_between",
      "kwargs": {
        "column": "trtbps",
        "max_value": 196,
        "min_value": 80
      },
      "meta": {}
    },
    {
      "expectation_type": "expect_column_values_to_be_between",
      "kwargs": {
        "column": "chol",
        "max_value": 600,
        "min_value": 30
      },
      "meta": {}
    },
    {
      "expectation_type": "expect_column_distinct_values_to_be_in_set",
      "kwargs": {
        "column": "fbs",
        "value_set": [
          0,
          1
        ]
      },
      "meta": {}
    },
    {
      "expectation_type": "expect_column_distinct_values_to_be_in_set",
      "kwargs": {
        "column": "restecg",
        "value_set": [
          0,
          1,
          2
        ]
      },
      "meta": {}
    },
    {
      "expectation_type": "expect_column_values_to_be_between",
      "kwargs": {
        "column": "thalachh",
        "max_value": 290,
        "min_value": 50
      },
      "meta": {}
    },
    {
      "expectation_type": "expect_column_distinct_values_to_be_in_set",
      "kwargs": {
        "column": "exng",
        "value_set": [
          0,
          1
        ]
      },
      "meta": {}
    },
    {
      "expectation_type": "expect_column_values_to_be_between",
      "kwargs": {
        "column": "oldpeak",
        "max_value": 7.0,
        "min_value": 0.0
      },
      "meta": {}
    },
    {
      "expectation_type": "expect_column_distinct_values_to_be_in_set",
      "kwargs": {
        "column": "slp",
        "value_set": [
          0,
          1,
          2
        ]
      },
      "meta": {}
    },
    {
      "expectation_type": "expect_column_distinct_values_to_be_in_set",
      "kwargs": {
        "column": "caa",
        "value_set": [
          0,
          1,
          2,
          3,
          4
        ]
      },
      "meta": {}
    },
    {
      "expectation_type": "expect_column_distinct_values_to_be_in_set",
      "kwargs": {
        "column": "thall",
        "value_set": [
          0,
          1,
          2,
          3
        ]
      },
      "meta": {}
    },
    {
      "expectation_type": "expect_column_distinct_values_to_be_in_set",
      "kwargs": {
        "column": "output",
        "value_set": [
          "0",
          "1"
        ]
      },
      "meta": {}
    }
  ],
  "ge_cloud_id": null,
  "meta": {
    "great_expectations_version": "0.18.12"
  }
}