{
  "evaluation_parameters": {},
  "meta": {
    "active_batch_definition": {
      "batch_identifiers": {},
      "data_asset_name": "Reference Data",
      "data_connector_name": "fluent",
      "datasource_name": "hospital_datasource"
    },
    "batch_markers": {
      "ge_load_time": "20240629T211513.936800Z",
      "pandas_data_fingerprint": "88be53eb2bdede30af88300857c152bd"
    },
    "batch_spec": {
      "batch_data": "PandasDataFrame"
    },
    "checkpoint_id": null,
    "checkpoint_name": "checkpoint_expectations",
    "expectation_suite_name": "Hospital",
    "great_expectations_version": "0.18.12",
    "run_id": {
      "run_name": null,
      "run_time": "2024-06-29T22:15:13.919948+01:00"
    },
    "validation_id": null,
    "validation_time": "20240629T211513.953872Z"
  },
  "results": [
    {
      "exception_info": {
        "exception_message": null,
        "exception_traceback": null,
        "raised_exception": false
      },
      "expectation_config": {
        "expectation_type": "expect_column_values_to_be_between",
        "kwargs": {
          "batch_id": "hospital_datasource-Reference Data",
          "column": "age",
          "max_value": 115,
          "min_value": 0
        },
        "meta": {}
      },
      "meta": {},
      "result": {
        "element_count": 5,
        "missing_count": 0,
        "missing_percent": 0.0,
        "partial_unexpected_counts": [],
        "partial_unexpected_index_list": [],
        "partial_unexpected_list": [],
        "unexpected_count": 0,
        "unexpected_percent": 0.0,
        "unexpected_percent_nonmissing": 0.0,
        "unexpected_percent_total": 0.0
      },
      "success": true
    },
    {
      "exception_info": {
        "exception_message": null,
        "exception_traceback": null,
        "raised_exception": false
      },
      "expectation_config": {
        "expectation_type": "expect_column_distinct_values_to_be_in_set",
        "kwargs": {
          "batch_id": "hospital_datasource-Reference Data",
          "column": "sex",
          "value_set": [
            0,
            1
          ]
        },
        "meta": {}
      },
      "meta": {},
      "result": {
        "details": {
          "value_counts": [
            {
              "count": 3,
              "value": 0
            },
            {
              "count": 2,
              "value": 1
            }
          ]
        },
        "observed_value": [
          0,
          1
        ]
      },
      "success": true
    },
    {
      "exception_info": {
        "exception_message": null,
        "exception_traceback": null,
        "raised_exception": false
      },
      "expectation_config": {
        "expectation_type": "expect_column_distinct_values_to_be_in_set",
        "kwargs": {
          "batch_id": "hospital_datasource-Reference Data",
          "column": "cp",
          "value_set": [
            3,
            2,
            1,
            0
          ]
        },
        "meta": {}
      },
      "meta": {},
      "result": {
        "details": {
          "value_counts": [
            {
              "count": 2,
              "value": 0
            },
            {
              "count": 1,
              "value": 1
            },
            {
              "count": 1,
              "value": 2
            },
            {
              "count": 1,
              "value": 3
            }
          ]
        },
        "observed_value": [
          0,
          1,
          2,
          3
        ]
      },
      "success": true
    },
    {
      "exception_info": {
        "exception_message": null,
        "exception_traceback": null,
        "raised_exception": false
      },
      "expectation_config": {
        "expectation_type": "expect_column_values_to_be_between",
        "kwargs": {
          "batch_id": "hospital_datasource-Reference Data",
          "column": "trtbps",
          "max_value": 196,
          "min_value": 80
        },
        "meta": {}
      },
      "meta": {},
      "result": {
        "element_count": 5,
        "missing_count": 0,
        "missing_percent": 0.0,
        "partial_unexpected_counts": [],
        "partial_unexpected_index_list": [],
        "partial_unexpected_list": [],
        "unexpected_count": 0,
        "unexpected_percent": 0.0,
        "unexpected_percent_nonmissing": 0.0,
        "unexpected_percent_total": 0.0
      },
      "success": true
    },
    {
      "exception_info": {
        "exception_message": null,
        "exception_traceback": null,
        "raised_exception": false
      },
      "expectation_config": {
        "expectation_type": "expect_column_values_to_be_between",
        "kwargs": {
          "batch_id": "hospital_datasource-Reference Data",
          "column": "chol",
          "max_value": 600,
          "min_value": 30
        },
        "meta": {}
      },
      "meta": {},
      "result": {
        "element_count": 5,
        "missing_count": 0,
        "missing_percent": 0.0,
        "partial_unexpected_counts": [],
        "partial_unexpected_index_list": [],
        "partial_unexpected_list": [],
        "unexpected_count": 0,
        "unexpected_percent": 0.0,
        "unexpected_percent_nonmissing": 0.0,
        "unexpected_percent_total": 0.0
      },
      "success": true
    },
    {
      "exception_info": {
        "exception_message": null,
        "exception_traceback": null,
        "raised_exception": false
      },
      "expectation_config": {
        "expectation_type": "expect_column_distinct_values_to_be_in_set",
        "kwargs": {
          "batch_id": "hospital_datasource-Reference Data",
          "column": "fbs",
          "value_set": [
            0,
            1
          ]
        },
        "meta": {}
      },
      "meta": {},
      "result": {
        "details": {
          "value_counts": [
            {
              "count": 3,
              "value": 0
            },
            {
              "count": 2,
              "value": 1
            }
          ]
        },
        "observed_value": [
          0,
          1
        ]
      },
      "success": true
    },
    {
      "exception_info": {
        "exception_message": null,
        "exception_traceback": null,
        "raised_exception": false
      },
      "expectation_config": {
        "expectation_type": "expect_column_distinct_values_to_be_in_set",
        "kwargs": {
          "batch_id": "hospital_datasource-Reference Data",
          "column": "restecg",
          "value_set": [
            0,
            1,
            2
          ]
        },
        "meta": {}
      },
      "meta": {},
      "result": {
        "details": {
          "value_counts": [
            {
              "count": 2,
              "value": 0
            },
            {
              "count": 2,
              "value": 1
            },
            {
              "count": 1,
              "value": 2
            }
          ]
        },
        "observed_value": [
          0,
          1,
          2
        ]
      },
      "success": true
    },
    {
      "exception_info": {
        "exception_message": null,
        "exception_traceback": null,
        "raised_exception": false
      },
      "expectation_config": {
        "expectation_type": "expect_column_values_to_be_between",
        "kwargs": {
          "batch_id": "hospital_datasource-Reference Data",
          "column": "thalachh",
          "max_value": 290,
          "min_value": 50
        },
        "meta": {}
      },
      "meta": {},
      "result": {
        "element_count": 5,
        "missing_count": 0,
        "missing_percent": 0.0,
        "partial_unexpected_counts": [],
        "partial_unexpected_index_list": [],
        "partial_unexpected_list": [],
        "unexpected_count": 0,
        "unexpected_percent": 0.0,
        "unexpected_percent_nonmissing": 0.0,
        "unexpected_percent_total": 0.0
      },
      "success": true
    },
    {
      "exception_info": {
        "exception_message": null,
        "exception_traceback": null,
        "raised_exception": false
      },
      "expectation_config": {
        "expectation_type": "expect_column_distinct_values_to_be_in_set",
        "kwargs": {
          "batch_id": "hospital_datasource-Reference Data",
          "column": "exng",
          "value_set": [
            0,
            1
          ]
        },
        "meta": {}
      },
      "meta": {},
      "result": {
        "details": {
          "value_counts": [
            {
              "count": 3,
              "value": 0
            },
            {
              "count": 2,
              "value": 1
            }
          ]
        },
        "observed_value": [
          0,
          1
        ]
      },
      "success": true
    },
    {
      "exception_info": {
        "exception_message": null,
        "exception_traceback": null,
        "raised_exception": false
      },
      "expectation_config": {
        "expectation_type": "expect_column_values_to_be_between",
        "kwargs": {
          "batch_id": "hospital_datasource-Reference Data",
          "column": "oldpeak",
          "max_value": 7.0,
          "min_value": 0.0
        },
        "meta": {}
      },
      "meta": {},
      "result": {
        "element_count": 5,
        "missing_count": 0,
        "missing_percent": 0.0,
        "partial_unexpected_counts": [],
        "partial_unexpected_index_list": [],
        "partial_unexpected_list": [],
        "unexpected_count": 0,
        "unexpected_percent": 0.0,
        "unexpected_percent_nonmissing": 0.0,
        "unexpected_percent_total": 0.0
      },
      "success": true
    },
    {
      "exception_info": {
        "exception_message": null,
        "exception_traceback": null,
        "raised_exception": false
      },
      "expectation_config": {
        "expectation_type": "expect_column_distinct_values_to_be_in_set",
        "kwargs": {
          "batch_id": "hospital_datasource-Reference Data",
          "column": "slp",
          "value_set": [
            0,
            1,
            2
          ]
        },
        "meta": {}
      },
      "meta": {},
      "result": {
        "details": {
          "value_counts": [
            {
              "count": 2,
              "value": 0
            },
            {
              "count": 2,
              "value": 1
            },
            {
              "count": 1,
              "value": 2
            }
          ]
        },
        "observed_value": [
          0,
          1,
          2
        ]
      },
      "success": true
    },
    {
      "exception_info": {
        "exception_message": null,
        "exception_traceback": null,
        "raised_exception": false
      },
      "expectation_config": {
        "expectation_type": "expect_column_distinct_values_to_be_in_set",
        "kwargs": {
          "batch_id": "hospital_datasource-Reference Data",
          "column": "caa",
          "value_set": [
            0,
            1,
            2,
            3,
            4
          ]
        },
        "meta": {}
      },
      "meta": {},
      "result": {
        "details": {
          "value_counts": [
            {
              "count": 1,
              "value": 0
            },
            {
              "count": 1,
              "value": 1
            },
            {
              "count": 1,
              "value": 2
            },
            {
              "count": 1,
              "value": 3
            },
            {
              "count": 1,
              "value": 4
            }
          ]
        },
        "observed_value": [
          0,
          1,
          2,
          3,
          4
        ]
      },
      "success": true
    }
  ],
  "statistics": {
    "evaluated_expectations": 12,
    "success_percent": 100.0,
    "successful_expectations": 12,
    "unsuccessful_expectations": 0
  },
  "success": true
}