{
  "index": {
    "count": 565.0,
    "mean": 353.9079646017699,
    "std": 203.4728501159921,
    "min": 0.0,
    "25%": 179.0,
    "50%": 351.0,
    "75%": 530.0,
    "max": 705.0
  },
  "age": {
    "count": 565.0,
    "mean": 54.21061946902655,
    "std": 9.92417496465338,
    "min": 29.0,
    "25%": 46.0,
    "50%": 55.0,
    "75%": 61.0,
    "max": 77.0
  },
  "sex": {
    "count": 565.0,
    "mean": 0.5734513274336284,
    "std": 0.4950137363082696,
    "min": 0.0,
    "25%": 0.0,
    "50%": 1.0,
    "75%": 1.0,
    "max": 1.0
  },
  "cp": {
    "count": 565.0,
    "mean": 0.9858407079646018,
    "std": 0.99278132628243,
    "min": 0.0,
    "25%": 0.0,
    "50%": 1.0,
    "75%": 2.0,
    "max": 3.0
  },
  "trtbps": {
    "count": 565.0,
    "mean": 134.50442477876106,
    "std": 21.014147503056982,
    "min": 94.0,
    "25%": 120.0,
    "50%": 130.0,
    "75%": 145.0,
    "max": 200.0
  },
  "chol": {
    "count": 565.0,
    "mean": 262.96814159292035,
    "std": 77.93338474889714,
    "min": 126.0,
    "25%": 212.0,
    "50%": 246.0,
    "75%": 290.0,
    "max": 564.0
  },
  "fbs": {
    "count": 565.0,
    "mean": 0.1256637168141593,
    "std": 0.33176370539385,
    "min": 0.0,
    "25%": 0.0,
    "50%": 0.0,
    "75%": 0.0,
    "max": 1.0
  },
  "restecg": {
    "count": 565.0,
    "mean": 0.5238938053097345,
    "std": 0.5207186687311143,
    "min": 0.0,
    "25%": 0.0,
    "50%": 1.0,
    "75%": 1.0,
    "max": 2.0
  },
  "thalachh": {
    "count": 565.0,
    "mean": 147.2778761061947,
    "std": 27.14053828088368,
    "min": 71.0,
    "25%": 130.0,
    "50%": 152.0,
    "75%": 168.0,
    "max": 202.0
  },
  "exng": {
    "count": 565.0,
    "mean": 0.27079646017699116,
    "std": 0.4447649422876725,
    "min": 0.0,
    "25%": 0.0,
    "50%": 0.0,
    "75%": 1.0,
    "max": 1.0
  },
  "oldpeak": {
    "count": 565.0,
    "mean": 1.243008849557522,
    "std": 1.347459446195471,
    "min": 0.0,
    "25%": 0.0,
    "50%": 0.9,
    "75%": 2.0,
    "max": 6.2
  },
  "slp": {
    "count": 565.0,
    "mean": 1.2672566371681415,
    "std": 0.6824084483676657,
    "min": 0.0,
    "25%": 1.0,
    "50%": 1.0,
    "75%": 2.0,
    "max": 2.0
  },
  "caa": {
    "count": 565.0,
    "mean": 0.7769911504424779,
    "std": 1.0313360516049006,
    "min": 0.0,
    "25%": 0.0,
    "50%": 0.0,
    "75%": 1.0,
    "max": 4.0
  },
  "thall": {
    "count": 565.0,
    "mean": 2.1168141592920353,
    "std": 0.7903341889957773,
    "min": 0.0,
    "25%": 2.0,
    "50%": 2.0,
    "75%": 3.0,
    "max": 3.0
  },
  "output": {
    "count": 565.0,
    "mean": 0.4654867256637168,
    "std": 0.49924942094037045,
    "min": 0.0,
    "25%": 0.0,
    "50%": 0.0,
    "75%": 1.0,
    "max": 1.0
  }
}