chunk,chunk,chunk,chunk,chunk,chunk,chunk,slp,slp,slp,slp
chunk,chunk,chunk,chunk,chunk,chunk,chunk,jensen_shannon,jensen_shannon,jensen_shannon,jensen_shannon
key,chunk_index,start_index,end_index,start_date,end_date,period,value,upper_threshold,lower_threshold,alert
[0:49],0,0,49,,,reference,0.11854392240342275,0.1876632459157867,,False
[50:99],1,50,99,,,reference,0.041524883849610776,0.1876632459157867,,False
[100:149],2,100,149,,,reference,0.11060365332103186,0.1876632459157867,,False
[150:199],3,150,199,,,reference,0.09232512847083478,0.1876632459157867,,False
[200:249],4,200,249,,,reference,0.08048167098665965,0.1876632459157867,,False
[250:299],5,250,299,,,reference,0.09072698129380709,0.1876632459157867,,False
[300:349],6,300,349,,,reference,0.056183747871026875,0.1876632459157867,,False
[350:399],7,350,399,,,reference,0.09707880926941079,0.1876632459157867,,False
[400:449],8,400,449,,,reference,0.09072698129380709,0.1876632459157867,,False
[450:499],9,450,499,,,reference,0.07883656375320143,0.1876632459157867,,False
[500:549],10,500,549,,,reference,0.020035041492340436,0.1876632459157867,,False
[550:564],11,550,564,,,reference,0.15403548025329983,0.1876632459157867,,False
[0:49],0,0,49,,,analysis,0.16437924467716875,0.1876632459157867,,False
[50:99],1,50,99,,,analysis,0.10992971275909683,0.1876632459157867,,False
[100:140],2,100,140,,,analysis,0.27663752308057954,0.1876632459157867,,True
