chunk,chunk,chunk,chunk,chunk,chunk,chunk,sex,sex,sex,sex,exng,exng,exng,exng,caa,caa,caa,caa,cp,cp,cp,cp,fbs,fbs,fbs,fbs,restecg,restecg,restecg,restecg,slp,slp,slp,slp,thall,thall,thall,thall
chunk,chunk,chunk,chunk,chunk,chunk,chunk,jensen_shannon,jensen_shannon,jensen_shannon,jensen_shannon,jensen_shannon,jensen_shannon,jensen_shannon,jensen_shannon,jensen_shannon,jensen_shannon,jensen_shannon,jensen_shannon,jensen_shannon,jensen_shannon,jensen_shannon,jensen_shannon,jensen_shannon,jensen_shannon,jensen_shannon,jensen_shannon,jensen_shannon,jensen_shannon,jensen_shannon,jensen_shannon,jensen_shannon,jensen_shannon,jensen_shannon,jensen_shannon,jensen_shannon,jensen_shannon,jensen_shannon,jensen_shannon
key,chunk_index,start_index,end_index,start_date,end_date,period,value,upper_threshold,lower_threshold,alert,value,upper_threshold,lower_threshold,alert,value,upper_threshold,lower_threshold,alert,value,upper_threshold,lower_threshold,alert,value,upper_threshold,lower_threshold,alert,value,upper_threshold,lower_threshold,alert,value,upper_threshold,lower_threshold,alert,value,upper_threshold,lower_threshold,alert
[0:49],0,0,49,,,analysis,0.16890354053295248,0.2,,False,,,,,,,,,,,,,,,,,,,,,,,,,,,,
[50:99],1,50,99,,,analysis,0.0756581894364265,0.2,,False,,,,,,,,,,,,,,,,,,,,,,,,,,,,
[100:140],2,100,140,,,analysis,0.09361556099370173,0.2,,False,,,,,,,,,,,,,,,,,,,,,,,,,,,,
[0:49],0,0,49,,,analysis,,,,,0.09915598701304823,0.2,,False,,,,,,,,,,,,,,,,,,,,,,,,
[50:99],1,50,99,,,analysis,,,,,0.0709713963539766,0.2,,False,,,,,,,,,,,,,,,,,,,,,,,,
[100:140],2,100,140,,,analysis,,,,,0.10805545000278026,0.2,,False,,,,,,,,,,,,,,,,,,,,,,,,
[0:49],0,0,49,,,analysis,,,,,,,,,0.1820408461206172,0.2,,False,,,,,,,,,,,,,,,,,,,,
[50:99],1,50,99,,,analysis,,,,,,,,,0.17260382258379944,0.2,,False,,,,,,,,,,,,,,,,,,,,
[100:140],2,100,140,,,analysis,,,,,,,,,0.3003895206752573,0.2,,True,,,,,,,,,,,,,,,,,,,,
[0:49],0,0,49,,,analysis,,,,,,,,,,,,,0.1574092844543663,0.2,,False,,,,,,,,,,,,,,,,
[50:99],1,50,99,,,analysis,,,,,,,,,,,,,0.053736735400376004,0.2,,False,,,,,,,,,,,,,,,,
[100:140],2,100,140,,,analysis,,,,,,,,,,,,,0.21798244133601266,0.2,,True,,,,,,,,,,,,,,,,
[0:49],0,0,49,,,analysis,,,,,,,,,,,,,,,,,0.04171597612549709,0.2,,False,,,,,,,,,,,,
[50:99],1,50,99,,,analysis,,,,,,,,,,,,,,,,,0.007327634404142616,0.2,,False,,,,,,,,,,,,
[100:140],2,100,140,,,analysis,,,,,,,,,,,,,,,,,0.0047867679741602845,0.2,,False,,,,,,,,,,,,
[0:49],0,0,49,,,analysis,,,,,,,,,,,,,,,,,,,,,0.09308286728272244,0.2,,False,,,,,,,,
[50:99],1,50,99,,,analysis,,,,,,,,,,,,,,,,,,,,,0.1347028873560047,0.2,,False,,,,,,,,
[100:140],2,100,140,,,analysis,,,,,,,,,,,,,,,,,,,,,0.10983042860550052,0.2,,False,,,,,,,,
[0:49],0,0,49,,,analysis,,,,,,,,,,,,,,,,,,,,,,,,,0.16437924467716875,0.2,,False,,,,
[50:99],1,50,99,,,analysis,,,,,,,,,,,,,,,,,,,,,,,,,0.10992971275909683,0.2,,False,,,,
[100:140],2,100,140,,,analysis,,,,,,,,,,,,,,,,,,,,,,,,,0.27663752308057954,0.2,,True,,,,
[0:49],0,0,49,,,analysis,,,,,,,,,,,,,,,,,,,,,,,,,,,,,0.17913712408941876,0.2,,False
[50:99],1,50,99,,,analysis,,,,,,,,,,,,,,,,,,,,,,,,,,,,,0.18058771177827554,0.2,,False
[100:140],2,100,140,,,analysis,,,,,,,,,,,,,,,,,,,,,,,,,,,,,0.2890670074224632,0.2,,True
