chunk,chunk,chunk,chunk,chunk,chunk,chunk,cp,cp,cp,cp
chunk,chunk,chunk,chunk,chunk,chunk,chunk,jensen_shannon,jensen_shannon,jensen_shannon,jensen_shannon
key,chunk_index,start_index,end_index,start_date,end_date,period,value,upper_threshold,lower_threshold,alert
[0:49],0,0,49,,,reference,0.07048962303407132,0.3034589699303238,,False
[50:99],1,50,99,,,reference,0.14292825072555765,0.3034589699303238,,False
[100:149],2,100,149,,,reference,0.1239626447232479,0.3034589699303238,,False
[150:199],3,150,199,,,reference,0.10492980907071395,0.3034589699303238,,False
[200:249],4,200,249,,,reference,0.07413156964869204,0.3034589699303238,,False
[250:299],5,250,299,,,reference,0.030946367809607862,0.3034589699303238,,False
[300:349],6,300,349,,,reference,0.09309534080088894,0.3034589699303238,,False
[350:399],7,350,399,,,reference,0.11106030482719759,0.3034589699303238,,False
[400:449],8,400,449,,,reference,0.13748295908611674,0.3034589699303238,,False
[450:499],9,450,499,,,reference,0.1622989387491375,0.3034589699303238,,False
[500:549],10,500,549,,,reference,0.12666578874721215,0.3034589699303238,,False
[550:564],11,550,564,,,reference,0.2865371977652261,0.3034589699303238,,False
[0:49],0,0,49,,,analysis,0.1574092844543663,0.3034589699303238,,False
[50:99],1,50,99,,,analysis,0.053736735400376004,0.3034589699303238,,False
[100:140],2,100,140,,,analysis,0.21798244133601266,0.3034589699303238,,False
