chunk,chunk,chunk,chunk,chunk,chunk,chunk,restecg,restecg,restecg,restecg
chunk,chunk,chunk,chunk,chunk,chunk,chunk,jensen_shannon,jensen_shannon,jensen_shannon,jensen_shannon
key,chunk_index,start_index,end_index,start_date,end_date,period,value,upper_threshold,lower_threshold,alert
[0:49],0,0,49,,,reference,0.09527319677587627,0.14304552667209036,,False
[50:99],1,50,99,,,reference,0.032753208248085905,0.14304552667209036,,False
[100:149],2,100,149,,,reference,0.09438723894994415,0.14304552667209036,,False
[150:199],3,150,199,,,reference,0.0746936205291039,0.14304552667209036,,False
[200:249],4,200,249,,,reference,0.10454336608698235,0.14304552667209036,,False
[250:299],5,250,299,,,reference,0.09065615402073479,0.14304552667209036,,False
[300:349],6,300,349,,,reference,0.09308286728272244,0.14304552667209036,,False
[350:399],7,350,399,,,reference,0.09527319677587627,0.14304552667209036,,False
[400:449],8,400,449,,,reference,0.0853023209175001,0.14304552667209036,,False
[450:499],9,450,499,,,reference,0.09385267768038909,0.14304552667209036,,False
[500:549],10,500,549,,,reference,0.08360077128532802,0.14304552667209036,,False
[550:564],11,550,564,,,reference,0.10713329484593143,0.14304552667209036,,False
[0:49],0,0,49,,,analysis,0.09308286728272244,0.14304552667209036,,False
[50:99],1,50,99,,,analysis,0.1347028873560047,0.14304552667209036,,False
[100:140],2,100,140,,,analysis,0.10983042860550052,0.14304552667209036,,False
