chunk,chunk,chunk,chunk,chunk,chunk,chunk,fbs,fbs,fbs,fbs
chunk,chunk,chunk,chunk,chunk,chunk,chunk,jensen_shannon,jensen_shannon,jensen_shannon,jensen_shannon
key,chunk_index,start_index,end_index,start_date,end_date,period,value,upper_threshold,lower_threshold,alert
[0:49],0,0,49,,,reference,0.007327634404142616,0.1280211077890235,,False
[50:99],1,50,99,,,reference,0.007327634404142616,0.1280211077890235,,False
[100:149],2,100,149,,,reference,0.017941876985915532,0.1280211077890235,,False
[150:199],3,150,199,,,reference,0.017941876985915532,0.1280211077890235,,False
[200:249],4,200,249,,,reference,0.06427250544824382,0.1280211077890235,,False
[250:299],5,250,299,,,reference,0.04171597612549709,0.1280211077890235,,False
[300:349],6,300,349,,,reference,0.09704298521693104,0.1280211077890235,,False
[350:399],7,350,399,,,reference,0.06408289968651255,0.1280211077890235,,False
[400:449],8,400,449,,,reference,0.06408289968651255,0.1280211077890235,,False
[450:499],9,450,499,,,reference,0.06427250544824382,0.1280211077890235,,False
[500:549],10,500,549,,,reference,0.007327634404142616,0.1280211077890235,,False
[550:564],11,550,564,,,reference,0.00970122293300106,0.1280211077890235,,False
[0:49],0,0,49,,,analysis,0.04171597612549709,0.1280211077890235,,False
[50:99],1,50,99,,,analysis,0.007327634404142616,0.1280211077890235,,False
[100:140],2,100,140,,,analysis,0.0047867679741602845,0.1280211077890235,,False
