chunk,chunk,chunk,chunk,chunk,chunk,chunk,thall,thall,thall,thall
chunk,chunk,chunk,chunk,chunk,chunk,chunk,jensen_shannon,jensen_shannon,jensen_shannon,jensen_shannon
key,chunk_index,start_index,end_index,start_date,end_date,period,value,upper_threshold,lower_threshold,alert
[0:49],0,0,49,,,reference,0.08747547311588888,0.2582989927643574,,False
[50:99],1,50,99,,,reference,0.0724923803719891,0.2582989927643574,,False
[100:149],2,100,149,,,reference,0.12377852635429944,0.2582989927643574,,False
[150:199],3,150,199,,,reference,0.07324433470242127,0.2582989927643574,,False
[200:249],4,200,249,,,reference,0.08790655264327615,0.2582989927643574,,False
[250:299],5,250,299,,,reference,0.0591281641233288,0.2582989927643574,,False
[300:349],6,300,349,,,reference,0.22092287277593184,0.2582989927643574,,False
[350:399],7,350,399,,,reference,0.01661662597991993,0.2582989927643574,,False
[400:449],8,400,449,,,reference,0.09650553904087432,0.2582989927643574,,False
[450:499],9,450,499,,,reference,0.038602328812262256,0.2582989927643574,,False
[500:549],10,500,549,,,reference,0.15983455934666488,0.2582989927643574,,False
[550:564],11,550,564,,,reference,0.1377891855571659,0.2582989927643574,,False
[0:49],0,0,49,,,analysis,0.17913712408941876,0.2582989927643574,,False
[50:99],1,50,99,,,analysis,0.18058771177827554,0.2582989927643574,,False
[100:140],2,100,140,,,analysis,0.2890670074224632,0.2582989927643574,,True
