chunk,chunk,chunk,chunk,chunk,chunk,chunk,exng,exng,exng,exng
chunk,chunk,chunk,chunk,chunk,chunk,chunk,jensen_shannon,jensen_shannon,jensen_shannon,jensen_shannon
key,chunk_index,start_index,end_index,start_date,end_date,period,value,upper_threshold,lower_threshold,alert
[0:49],0,0,49,,,reference,0.010383892568280125,0.13828941592549615,,False
[50:99],1,50,99,,,reference,0.0709713963539766,0.13828941592549615,,False
[100:149],2,100,149,,,reference,0.008749326607543564,0.13828941592549615,,False
[150:199],3,150,199,,,reference,0.010383892568280125,0.13828941592549615,,False
[200:249],4,200,249,,,reference,0.04581979454586896,0.13828941592549615,,False
[250:299],5,250,299,,,reference,0.008749326607543564,0.13828941592549615,,False
[300:349],6,300,349,,,reference,0.05016314487109561,0.13828941592549615,,False
[350:399],7,350,399,,,reference,0.010383892568280125,0.13828941592549615,,False
[400:449],8,400,449,,,reference,0.09252895639007372,0.13828941592549615,,False
[450:499],9,450,499,,,reference,0.04581979454586896,0.13828941592549615,,False
[500:549],10,500,549,,,reference,0.09915598701304823,0.13828941592549615,,False
[550:564],11,550,564,,,reference,0.05787811527610279,0.13828941592549615,,False
[0:49],0,0,49,,,analysis,0.09915598701304823,0.13828941592549615,,False
[50:99],1,50,99,,,analysis,0.0709713963539766,0.13828941592549615,,False
[100:140],2,100,140,,,analysis,0.10805545000278026,0.13828941592549615,,False
