chunk,chunk,chunk,chunk,chunk,chunk,chunk,caa,caa,caa,caa
chunk,chunk,chunk,chunk,chunk,chunk,chunk,jensen_shannon,jensen_shannon,jensen_shannon,jensen_shannon
key,chunk_index,start_index,end_index,start_date,end_date,period,value,upper_threshold,lower_threshold,alert
[0:49],0,0,49,,,reference,0.10278401690781432,0.2581818342235369,,False
[50:99],1,50,99,,,reference,0.11967570994915518,0.2581818342235369,,False
[100:149],2,100,149,,,reference,0.12603036536562126,0.2581818342235369,,False
[150:199],3,150,199,,,reference,0.10845867315247984,0.2581818342235369,,False
[200:249],4,200,249,,,reference,0.10989315789601656,0.2581818342235369,,False
[250:299],5,250,299,,,reference,0.1301874488764708,0.2581818342235369,,False
[300:349],6,300,349,,,reference,0.11138242937655134,0.2581818342235369,,False
[350:399],7,350,399,,,reference,0.06967724988501986,0.2581818342235369,,False
[400:449],8,400,449,,,reference,0.08788956016270652,0.2581818342235369,,False
[450:499],9,450,499,,,reference,0.16470038803947853,0.2581818342235369,,False
[500:549],10,500,549,,,reference,0.10955653964391919,0.2581818342235369,,False
[550:564],11,550,564,,,reference,0.25293288827275906,0.2581818342235369,,False
[0:49],0,0,49,,,analysis,0.1820408461206172,0.2581818342235369,,False
[50:99],1,50,99,,,analysis,0.17260382258379944,0.2581818342235369,,False
[100:140],2,100,140,,,analysis,0.3003895206752573,0.2581818342235369,,True
