chunk,chunk,chunk,chunk,chunk,chunk,chunk,sex,sex,sex,sex
chunk,chunk,chunk,chunk,chunk,chunk,chunk,jensen_shannon,jensen_shannon,jensen_shannon,jensen_shannon
key,chunk_index,start_index,end_index,start_date,end_date,period,value,upper_threshold,lower_threshold,alert
[0:49],0,0,49,,,reference,0.0756581894364265,0.11657206531478327,,False
[50:99],1,50,99,,,reference,0.04560826682587962,0.11657206531478327,,False
[100:149],2,100,149,,,reference,0.011527805726654421,0.11657206531478327,,False
[150:199],3,150,199,,,reference,0.005628616865020809,0.11657206531478327,,False
[200:249],4,200,249,,,reference,0.09366999702369976,0.11657206531478327,,False
[250:299],5,250,299,,,reference,0.02289696382149705,0.11657206531478327,,False
[300:349],6,300,349,,,reference,0.0625817291688485,0.11657206531478327,,False
[350:399],7,350,399,,,reference,0.011527805726654421,0.11657206531478327,,False
[400:449],8,400,449,,,reference,0.028598410789485218,0.11657206531478327,,False
[450:499],9,450,499,,,reference,0.028598410789485218,0.11657206531478327,,False
[500:549],10,500,549,,,reference,0.011527805726654421,0.11657206531478327,,False
[550:564],11,550,564,,,reference,0.02289696382149705,0.11657206531478327,,False
[0:49],0,0,49,,,analysis,0.16890354053295248,0.11657206531478327,,True
[50:99],1,50,99,,,analysis,0.0756581894364265,0.11657206531478327,,False
[100:140],2,100,140,,,analysis,0.09361556099370173,0.11657206531478327,,False
